<?xml version="1.0" encoding="UTF-8"?>
<project version="4">
  <component name="AutoImportSettings">
    <option name="autoReloadType" value="SELECTIVE" />
  </component>
  <component name="FileTemplateManagerImpl">
    <option name="RECENT_TEMPLATES">
      <list>
        <option value="Interface" />
      </list>
    </option>
  </component>
  <component name="MavenImportPreferences">
    <option name="generalSettings">
      <MavenGeneralSettings>
        <option name="localRepository" value="$PROJECT_DIR$/../../../../../xxgz/environment/Maven/repository" />
        <option name="mavenSettingsFileOriginal" value="d:\xxgz\environment\Maven\apache-maven-3.6.3\conf\settings.xml" />
        <option name="userSettingsFile" value="d:\xxgz\environment\Maven\apache-maven-3.6.3\conf\settings.xml" />
      </MavenGeneralSettings>
    </option>
  </component>
  <component name="ProjectId" id="2Y8zhKkPWhyz1jz7wVIInQzloSr" />
  <component name="SpellCheckerSettings" RuntimeDictionaries="0" Folders="0" CustomDictionaries="0" DefaultDictionary="application-level" UseSingleDictionary="true" transferred="true" />
</project>