<component name="libraryTable">
  <library name="Maven: org.reactivestreams:reactive-streams:1.0.3">
    <CLASSES>
      <root url="jar://$PROJECT_DIR$/../../../../../xxgz/environment/Maven/repository/org/reactivestreams/reactive-streams/1.0.3/reactive-streams-1.0.3.jar!/" />
    </CLASSES>
    <JAVADOC>
      <root url="jar://$PROJECT_DIR$/../../../../../xxgz/environment/Maven/repository/org/reactivestreams/reactive-streams/1.0.3/reactive-streams-1.0.3-javadoc.jar!/" />
    </JAVADOC>
    <SOURCES>
      <root url="jar://$PROJECT_DIR$/../../../../../xxgz/environment/Maven/repository/org/reactivestreams/reactive-streams/1.0.3/reactive-streams-1.0.3-sources.jar!/" />
    </SOURCES>
  </library>
</component>