<component name="libraryTable">
  <library name="Maven: com.zaxxer:HikariCP:3.4.5">
    <CLASSES>
      <root url="jar://$PROJECT_DIR$/../../../../../xxgz/environment/Maven/repository/com/zaxxer/HikariCP/3.4.5/HikariCP-3.4.5.jar!/" />
    </CLASSES>
    <JAVADOC>
      <root url="jar://$PROJECT_DIR$/../../../../../xxgz/environment/Maven/repository/com/zaxxer/HikariCP/3.4.5/HikariCP-3.4.5-javadoc.jar!/" />
    </JAVADOC>
    <SOURCES>
      <root url="jar://$PROJECT_DIR$/../../../../../xxgz/environment/Maven/repository/com/zaxxer/HikariCP/3.4.5/HikariCP-3.4.5-sources.jar!/" />
    </SOURCES>
  </library>
</component>