<component name="libraryTable">
  <library name="Maven: org.apache.tomcat.embed:tomcat-embed-websocket:9.0.46">
    <CLASSES>
      <root url="jar://$PROJECT_DIR$/../../../../../xxgz/environment/Maven/repository/org/apache/tomcat/embed/tomcat-embed-websocket/9.0.46/tomcat-embed-websocket-9.0.46.jar!/" />
    </CLASSES>
    <JAVADOC>
      <root url="jar://$PROJECT_DIR$/../../../../../xxgz/environment/Maven/repository/org/apache/tomcat/embed/tomcat-embed-websocket/9.0.46/tomcat-embed-websocket-9.0.46-javadoc.jar!/" />
    </JAVADOC>
    <SOURCES>
      <root url="jar://$PROJECT_DIR$/../../../../../xxgz/environment/Maven/repository/org/apache/tomcat/embed/tomcat-embed-websocket/9.0.46/tomcat-embed-websocket-9.0.46-sources.jar!/" />
    </SOURCES>
  </library>
</component>