<component name="libraryTable">
  <library name="Maven: cn.hutool:hutool-all:5.7.17">
    <CLASSES>
      <root url="jar://$PROJECT_DIR$/../../../../../xxgz/environment/Maven/repository/cn/hutool/hutool-all/5.7.17/hutool-all-5.7.17.jar!/" />
    </CLASSES>
    <JAVADOC>
      <root url="jar://$PROJECT_DIR$/../../../../../xxgz/environment/Maven/repository/cn/hutool/hutool-all/5.7.17/hutool-all-5.7.17-javadoc.jar!/" />
    </JAVADOC>
    <SOURCES>
      <root url="jar://$PROJECT_DIR$/../../../../../xxgz/environment/Maven/repository/cn/hutool/hutool-all/5.7.17/hutool-all-5.7.17-sources.jar!/" />
    </SOURCES>
  </library>
</component>