<component name="libraryTable">
  <library name="Maven: io.lettuce:lettuce-core:5.3.7.RELEASE">
    <CLASSES>
      <root url="jar://$PROJECT_DIR$/../../../../../xxgz/environment/Maven/repository/io/lettuce/lettuce-core/5.3.7.RELEASE/lettuce-core-5.3.7.RELEASE.jar!/" />
    </CLASSES>
    <JAVADOC>
      <root url="jar://$PROJECT_DIR$/../../../../../xxgz/environment/Maven/repository/io/lettuce/lettuce-core/5.3.7.RELEASE/lettuce-core-5.3.7.RELEASE-javadoc.jar!/" />
    </JAVADOC>
    <SOURCES>
      <root url="jar://$PROJECT_DIR$/../../../../../xxgz/environment/Maven/repository/io/lettuce/lettuce-core/5.3.7.RELEASE/lettuce-core-5.3.7.RELEASE-sources.jar!/" />
    </SOURCES>
  </library>
</component>