<component name="libraryTable">
  <library name="Maven: org.skyscreamer:jsonassert:1.5.0">
    <CLASSES>
      <root url="jar://$PROJECT_DIR$/../../../../../xxgz/environment/Maven/repository/org/skyscreamer/jsonassert/1.5.0/jsonassert-1.5.0.jar!/" />
    </CLASSES>
    <JAVADOC>
      <root url="jar://$PROJECT_DIR$/../../../../../xxgz/environment/Maven/repository/org/skyscreamer/jsonassert/1.5.0/jsonassert-1.5.0-javadoc.jar!/" />
    </JAVADOC>
    <SOURCES>
      <root url="jar://$PROJECT_DIR$/../../../../../xxgz/environment/Maven/repository/org/skyscreamer/jsonassert/1.5.0/jsonassert-1.5.0-sources.jar!/" />
    </SOURCES>
  </library>
</component>