<component name="libraryTable">
  <library name="Maven: com.baomidou:mybatis-plus:3.4.3">
    <CLASSES>
      <root url="jar://$PROJECT_DIR$/../../../../../xxgz/environment/Maven/repository/com/baomidou/mybatis-plus/3.4.3/mybatis-plus-3.4.3.jar!/" />
    </CLASSES>
    <JAVADOC>
      <root url="jar://$PROJECT_DIR$/../../../../../xxgz/environment/Maven/repository/com/baomidou/mybatis-plus/3.4.3/mybatis-plus-3.4.3-javadoc.jar!/" />
    </JAVADOC>
    <SOURCES>
      <root url="jar://$PROJECT_DIR$/../../../../../xxgz/environment/Maven/repository/com/baomidou/mybatis-plus/3.4.3/mybatis-plus-3.4.3-sources.jar!/" />
    </SOURCES>
  </library>
</component>