<component name="libraryTable">
  <library name="Maven: org.mybatis:mybatis:3.5.7">
    <CLASSES>
      <root url="jar://$PROJECT_DIR$/../../../../../xxgz/environment/Maven/repository/org/mybatis/mybatis/3.5.7/mybatis-3.5.7.jar!/" />
    </CLASSES>
    <JAVADOC>
      <root url="jar://$PROJECT_DIR$/../../../../../xxgz/environment/Maven/repository/org/mybatis/mybatis/3.5.7/mybatis-3.5.7-javadoc.jar!/" />
    </JAVADOC>
    <SOURCES>
      <root url="jar://$PROJECT_DIR$/../../../../../xxgz/environment/Maven/repository/org/mybatis/mybatis/3.5.7/mybatis-3.5.7-sources.jar!/" />
    </SOURCES>
  </library>
</component>