<component name="libraryTable">
  <library name="Maven: org.junit.vintage:junit-vintage-engine:5.6.3">
    <CLASSES>
      <root url="jar://$PROJECT_DIR$/../../../../../xxgz/environment/Maven/repository/org/junit/vintage/junit-vintage-engine/5.6.3/junit-vintage-engine-5.6.3.jar!/" />
    </CLASSES>
    <JAVADOC>
      <root url="jar://$PROJECT_DIR$/../../../../../xxgz/environment/Maven/repository/org/junit/vintage/junit-vintage-engine/5.6.3/junit-vintage-engine-5.6.3-javadoc.jar!/" />
    </JAVADOC>
    <SOURCES>
      <root url="jar://$PROJECT_DIR$/../../../../../xxgz/environment/Maven/repository/org/junit/vintage/junit-vintage-engine/5.6.3/junit-vintage-engine-5.6.3-sources.jar!/" />
    </SOURCES>
  </library>
</component>