<component name="libraryTable">
  <library name="Maven: org.apache.logging.log4j:log4j-api:2.13.3">
    <CLASSES>
      <root url="jar://$PROJECT_DIR$/../../../../../xxgz/environment/Maven/repository/org/apache/logging/log4j/log4j-api/2.13.3/log4j-api-2.13.3.jar!/" />
    </CLASSES>
    <JAVADOC>
      <root url="jar://$PROJECT_DIR$/../../../../../xxgz/environment/Maven/repository/org/apache/logging/log4j/log4j-api/2.13.3/log4j-api-2.13.3-javadoc.jar!/" />
    </JAVADOC>
    <SOURCES>
      <root url="jar://$PROJECT_DIR$/../../../../../xxgz/environment/Maven/repository/org/apache/logging/log4j/log4j-api/2.13.3/log4j-api-2.13.3-sources.jar!/" />
    </SOURCES>
  </library>
</component>