<component name="libraryTable">
  <library name="Maven: org.projectlombok:lombok:1.18.20">
    <CLASSES>
      <root url="jar://$PROJECT_DIR$/../../../../../xxgz/environment/Maven/repository/org/projectlombok/lombok/1.18.20/lombok-1.18.20.jar!/" />
    </CLASSES>
    <JAVADOC>
      <root url="jar://$PROJECT_DIR$/../../../../../xxgz/environment/Maven/repository/org/projectlombok/lombok/1.18.20/lombok-1.18.20-javadoc.jar!/" />
    </JAVADOC>
    <SOURCES>
      <root url="jar://$PROJECT_DIR$/../../../../../xxgz/environment/Maven/repository/org/projectlombok/lombok/1.18.20/lombok-1.18.20-sources.jar!/" />
    </SOURCES>
  </library>
</component>