<component name="libraryTable">
  <library name="Maven: com.fasterxml.jackson.core:jackson-databind:2.11.4">
    <CLASSES>
      <root url="jar://$PROJECT_DIR$/../../../../../xxgz/environment/Maven/repository/com/fasterxml/jackson/core/jackson-databind/2.11.4/jackson-databind-2.11.4.jar!/" />
    </CLASSES>
    <JAVADOC>
      <root url="jar://$PROJECT_DIR$/../../../../../xxgz/environment/Maven/repository/com/fasterxml/jackson/core/jackson-databind/2.11.4/jackson-databind-2.11.4-javadoc.jar!/" />
    </JAVADOC>
    <SOURCES>
      <root url="jar://$PROJECT_DIR$/../../../../../xxgz/environment/Maven/repository/com/fasterxml/jackson/core/jackson-databind/2.11.4/jackson-databind-2.11.4-sources.jar!/" />
    </SOURCES>
  </library>
</component>