<component name="libraryTable">
  <library name="Maven: org.springframework.data:spring-data-commons:2.3.9.RELEASE">
    <CLASSES>
      <root url="jar://$PROJECT_DIR$/../../../../../xxgz/environment/Maven/repository/org/springframework/data/spring-data-commons/2.3.9.RELEASE/spring-data-commons-2.3.9.RELEASE.jar!/" />
    </CLASSES>
    <JAVADOC>
      <root url="jar://$PROJECT_DIR$/../../../../../xxgz/environment/Maven/repository/org/springframework/data/spring-data-commons/2.3.9.RELEASE/spring-data-commons-2.3.9.RELEASE-javadoc.jar!/" />
    </JAVADOC>
    <SOURCES>
      <root url="jar://$PROJECT_DIR$/../../../../../xxgz/environment/Maven/repository/org/springframework/data/spring-data-commons/2.3.9.RELEASE/spring-data-commons-2.3.9.RELEASE-sources.jar!/" />
    </SOURCES>
  </library>
</component>