<component name="libraryTable">
  <library name="Maven: io.netty:netty-resolver:4.1.65.Final">
    <CLASSES>
      <root url="jar://$PROJECT_DIR$/../../../../../xxgz/environment/Maven/repository/io/netty/netty-resolver/4.1.65.Final/netty-resolver-4.1.65.Final.jar!/" />
    </CLASSES>
    <JAVADOC>
      <root url="jar://$PROJECT_DIR$/../../../../../xxgz/environment/Maven/repository/io/netty/netty-resolver/4.1.65.Final/netty-resolver-4.1.65.Final-javadoc.jar!/" />
    </JAVADOC>
    <SOURCES>
      <root url="jar://$PROJECT_DIR$/../../../../../xxgz/environment/Maven/repository/io/netty/netty-resolver/4.1.65.Final/netty-resolver-4.1.65.Final-sources.jar!/" />
    </SOURCES>
  </library>
</component>