<component name="libraryTable">
  <library name="Maven: org.springframework.boot:spring-boot-starter:2.3.12.RELEASE">
    <CLASSES>
      <root url="jar://$PROJECT_DIR$/../../../../../xxgz/environment/Maven/repository/org/springframework/boot/spring-boot-starter/2.3.12.RELEASE/spring-boot-starter-2.3.12.RELEASE.jar!/" />
    </CLASSES>
    <JAVADOC>
      <root url="jar://$PROJECT_DIR$/../../../../../xxgz/environment/Maven/repository/org/springframework/boot/spring-boot-starter/2.3.12.RELEASE/spring-boot-starter-2.3.12.RELEASE-javadoc.jar!/" />
    </JAVADOC>
    <SOURCES>
      <root url="jar://$PROJECT_DIR$/../../../../../xxgz/environment/Maven/repository/org/springframework/boot/spring-boot-starter/2.3.12.RELEASE/spring-boot-starter-2.3.12.RELEASE-sources.jar!/" />
    </SOURCES>
  </library>
</component>