<component name="libraryTable">
  <library name="Maven: org.ow2.asm:asm:5.0.4">
    <CLASSES>
      <root url="jar://$PROJECT_DIR$/../../../../../xxgz/environment/Maven/repository/org/ow2/asm/asm/5.0.4/asm-5.0.4.jar!/" />
    </CLASSES>
    <JAVADOC>
      <root url="jar://$PROJECT_DIR$/../../../../../xxgz/environment/Maven/repository/org/ow2/asm/asm/5.0.4/asm-5.0.4-javadoc.jar!/" />
    </JAVADOC>
    <SOURCES>
      <root url="jar://$PROJECT_DIR$/../../../../../xxgz/environment/Maven/repository/org/ow2/asm/asm/5.0.4/asm-5.0.4-sources.jar!/" />
    </SOURCES>
  </library>
</component>