<component name="libraryTable">
  <library name="Maven: net.bytebuddy:byte-buddy:1.10.22">
    <CLASSES>
      <root url="jar://$PROJECT_DIR$/../../../../../xxgz/environment/Maven/repository/net/bytebuddy/byte-buddy/1.10.22/byte-buddy-1.10.22.jar!/" />
    </CLASSES>
    <JAVADOC>
      <root url="jar://$PROJECT_DIR$/../../../../../xxgz/environment/Maven/repository/net/bytebuddy/byte-buddy/1.10.22/byte-buddy-1.10.22-javadoc.jar!/" />
    </JAVADOC>
    <SOURCES>
      <root url="jar://$PROJECT_DIR$/../../../../../xxgz/environment/Maven/repository/net/bytebuddy/byte-buddy/1.10.22/byte-buddy-1.10.22-sources.jar!/" />
    </SOURCES>
  </library>
</component>