<component name="libraryTable">
  <library name="Maven: junit:junit:4.13.2">
    <CLASSES>
      <root url="jar://$PROJECT_DIR$/../../../../../xxgz/environment/Maven/repository/junit/junit/4.13.2/junit-4.13.2.jar!/" />
    </CLASSES>
    <JAVADOC>
      <root url="jar://$PROJECT_DIR$/../../../../../xxgz/environment/Maven/repository/junit/junit/4.13.2/junit-4.13.2-javadoc.jar!/" />
    </JAVADOC>
    <SOURCES>
      <root url="jar://$PROJECT_DIR$/../../../../../xxgz/environment/Maven/repository/junit/junit/4.13.2/junit-4.13.2-sources.jar!/" />
    </SOURCES>
  </library>
</component>