<component name="libraryTable">
  <library name="Maven: org.apache.commons:commons-pool2:2.8.1">
    <CLASSES>
      <root url="jar://$PROJECT_DIR$/../../../../../xxgz/environment/Maven/repository/org/apache/commons/commons-pool2/2.8.1/commons-pool2-2.8.1.jar!/" />
    </CLASSES>
    <JAVADOC>
      <root url="jar://$PROJECT_DIR$/../../../../../xxgz/environment/Maven/repository/org/apache/commons/commons-pool2/2.8.1/commons-pool2-2.8.1-javadoc.jar!/" />
    </JAVADOC>
    <SOURCES>
      <root url="jar://$PROJECT_DIR$/../../../../../xxgz/environment/Maven/repository/org/apache/commons/commons-pool2/2.8.1/commons-pool2-2.8.1-sources.jar!/" />
    </SOURCES>
  </library>
</component>