<component name="libraryTable">
  <library name="Maven: io.projectreactor:reactor-core:3.3.17.RELEASE">
    <CLASSES>
      <root url="jar://$PROJECT_DIR$/../../../../../xxgz/environment/Maven/repository/io/projectreactor/reactor-core/3.3.17.RELEASE/reactor-core-3.3.17.RELEASE.jar!/" />
    </CLASSES>
    <JAVADOC>
      <root url="jar://$PROJECT_DIR$/../../../../../xxgz/environment/Maven/repository/io/projectreactor/reactor-core/3.3.17.RELEASE/reactor-core-3.3.17.RELEASE-javadoc.jar!/" />
    </JAVADOC>
    <SOURCES>
      <root url="jar://$PROJECT_DIR$/../../../../../xxgz/environment/Maven/repository/io/projectreactor/reactor-core/3.3.17.RELEASE/reactor-core-3.3.17.RELEASE-sources.jar!/" />
    </SOURCES>
  </library>
</component>