<component name="libraryTable">
  <library name="Maven: org.springframework:spring-oxm:5.2.15.RELEASE">
    <CLASSES>
      <root url="jar://$PROJECT_DIR$/../../../../../xxgz/environment/Maven/repository/org/springframework/spring-oxm/5.2.15.RELEASE/spring-oxm-5.2.15.RELEASE.jar!/" />
    </CLASSES>
    <JAVADOC>
      <root url="jar://$PROJECT_DIR$/../../../../../xxgz/environment/Maven/repository/org/springframework/spring-oxm/5.2.15.RELEASE/spring-oxm-5.2.15.RELEASE-javadoc.jar!/" />
    </JAVADOC>
    <SOURCES>
      <root url="jar://$PROJECT_DIR$/../../../../../xxgz/environment/Maven/repository/org/springframework/spring-oxm/5.2.15.RELEASE/spring-oxm-5.2.15.RELEASE-sources.jar!/" />
    </SOURCES>
  </library>
</component>